{"sample": {"collection_date": "combined", "size": 14138403392, "queries": 15160, "verified_hits": 99809, "dead_links": 452, "prefix_len": 5, "efficiency": 8589934592}, "stats": {"fields": ["views", "likes", "duration", "comments", "subscribers", "whisper_lang", "upload_year", "annual_uploads", "cumulative_uploads", "music", "live_status", "age_limit", "availability", "category"], "data": {"views": {"unit": "views", "labels": ["0", "1", "2", "3-4", "5-8", "9-16", "17-32", "33-64", "65-128", "129-256", "257-512", "513-1,024", "1,025-2,048", "2,049-4,096", "4,097-8,192", "8,193-16,384", "16,385-32,768", "32,769-65,536", "65,537-131,072", "131,073-262,144", "262,145-524,288", "524,289-1,048,576", "1,048,577-2,097,152", "2,097,153-4,194,304", "4,194,305-8,388,608", "8,388,609-16,777,216", "16,777,217-33,554,432", "33,554,433-67,108,864"], "values": [0.04353532924532083, 0.03878602060037674, 0.03412688870185564, 0.05622019157548796, 0.08143962165845056, 0.10197988056590918, 0.11350246483106889, 0.10572722536170895, 0.09607831349444912, 0.07823333734118873, 0.06164081599935874, 0.04903611077712316, 0.047994068374013064, 0.03512885255099996, 0.01988898240551481, 0.01315578533926496, 0.008506673079235302, 0.005590958278225321, 0.003717285880325438, 0.0023846739609634884, 0.00127249408841329, 0.0009318263797042203, 0.0004508837321149453, 0.0003406677087090698, 0.00019037313133742135, 0.00011021602340587552, 0.0, 3.0058915474329688e-05], "median": 39.0, "mean": 8143.509077792473}, "likes": {"unit": "likes", "labels": ["0", "1", "2", "3-4", "5-8", "9-16", "17-32", "33-64", "65-128", "129-256", "257-512", "513-1,024", "1,025-2,048", "2,049-4,096", "4,097-8,192", "8,193-16,384", "16,385-32,768", "32,769-65,536", "65,537-131,072", "131,073-262,144", "262,145-524,288", "524,289-1,048,576"], "values": [0.32485671916957237, 0.14533485631838403, 0.08472606308364394, 0.10070738647749589, 0.09603823494048334, 0.07675043084445513, 0.05669111458458579, 0.04309446515169733, 0.02792473247565228, 0.01604144122480061, 0.010270129453729309, 0.006462666826980883, 0.004458739128692237, 0.002835557693078434, 0.0015229850506993708, 0.0009017674642298906, 0.0006913550559095828, 0.00033064807021762654, 0.00018035349284597813, 0.00011021602340587552, 5.0098192457216146e-05, 2.003927698288646e-05], "median": 2.0, "mean": 151.69289808023726}, "duration": {"unit": "seconds", "labels": ["2", "3-4", "5-8", "9-16", "17-32", "33-64", "65-128", "129-256", "257-512", "513-1,024", "1,025-2,048", "2,049-4,096", "4,097-8,192", "8,193-16,384", "16,385-32,768", "32,769-65,536", "65,537-131,072"], "values": [0.0033265199791591518, 0.006723177427758406, 0.038715883130936636, 0.19241713758967577, 0.1267584465552483, 0.13145765700773515, 0.09225081159071781, 0.13412288084645907, 0.10466514368161597, 0.07556811350246483, 0.038445352891667665, 0.027323554166165685, 0.017995270730632038, 0.007534768145565308, 0.0020740651677287484, 0.0006011783094865938, 1.001963849144323e-05], "median": 65.0, "mean": 531.5353192256823}, "comments": {"unit": "comments", "labels": ["0", "1", "2", "3-4", "5-8", "9-16", "17-32", "33-64", "65-128", "129-256", "257-512", "513-1,024", "1,025-2,048", "2,049-4,096", "4,097-8,192", "8,193-16,384", "16,385-32,768"], "values": [0.7336178910664903, 0.07906496733597852, 0.04536892308925494, 0.042332972626347644, 0.03428720291771873, 0.024708428519899003, 0.01706344435092782, 0.0099895795759689, 0.0062021562262033585, 0.0036070698569195623, 0.0019838884213057594, 0.0009919442106528797, 0.0004208248166406156, 0.0002504909622860807, 6.0117830948659375e-05, 4.007855396577292e-05, 1.001963849144323e-05], "median": 0.0, "mean": 6.4864334094825855}, "subscribers": {"unit": "subscribers", "labels": ["0", "1", "2", "3-4", "5-8", "9-16", "17-32", "33-64", "65-128", "129-256", "257-512", "513-1,024", "1,025-2,048", "2,049-4,096", "4,097-8,192", "8,193-16,384", "16,385-32,768", "32,769-65,536", "65,537-131,072", "131,073-262,144", "262,145-524,288", "524,289-1,048,576", "1,048,577-2,097,152", "2,097,153-4,194,304", "4,194,305-8,388,608", "8,388,609-16,777,216", "16,777,217-33,554,432", "33,554,433-67,108,864", "67,108,865-134,217,728"], "values": [0.08366398140355095, 0.03990822011141838, 0.028105085968498256, 0.04177187287082682, 0.05513807061841209, 0.06544827862610716, 0.07342391086529598, 0.07381467676646226, 0.07211133822291692, 0.06838403270410004, 0.08083844334896396, 0.06870466113582623, 0.06423590236864254, 0.04694200633241152, 0.03488838122720532, 0.024197426956835397, 0.019077391687707907, 0.015530439661737004, 0.01213378221313775, 0.00964891186725983, 0.007875435854274377, 0.0050699370766702735, 0.003546952025970903, 0.002444791791912148, 0.0017834956514768947, 0.0008917478257384474, 0.0002905695162518536, 0.00012023566189731875, 1.001963849144323e-05], "median": 93.0, "mean": 57160.31646026211}, "whisper_lang": {"unit": "language", "labels": ["english", "hindi", "spanish", "portuguese", "russian", "arabic", "japanese", "indonesian", "korean", "chinese", "vietnamese", "bengali", "french", "nynorsk", "turkish", "tamil", "thai", "german", "tagalog", "urdu", "italian", "telugu", "punjabi", "polish", "other"], "values": [0.32121485367653085, 0.10511107467825231, 0.0779162226412001, 0.07687105500450857, 0.06338634314288057, 0.056459545864415116, 0.029756537421100092, 0.02280924665956226, 0.02246085744733175, 0.018731043528158044, 0.01787031723911796, 0.016722682187064512, 0.014591359947536683, 0.014447905566030003, 0.014427412082957619, 0.014099516353799493, 0.012521518157226002, 0.010841052545290598, 0.009304041314861873, 0.008812197721124682, 0.008771210754979917, 0.008648249856545618, 0.008279367161242725, 0.005287318632674809, 0.04065907041560784]}, "upload_year": {"unit": "year", "labels": [2005, 2006, 2007, 2008, 2009, 2010, 2011, 2012, 2013, 2014, 2015, 2016, 2017, 2018, 2019, 2020, 2021, 2022, 2023], "values": [1.001963849144323e-05, 0.00043084445513205883, 0.0019838884213057594, 0.003917678650154303, 0.006292332972626348, 0.007905494769748708, 0.011753035950462907, 0.014829064967335978, 0.015760891347040198, 0.01636206965652679, 0.020941044447116346, 0.030419622460021643, 0.03869584385395375, 0.04988778004889584, 0.06094946094344916, 0.09701013987415334, 0.13260991543425113, 0.18264799006051863, 0.3075928820488157], "median": 2021.0, "mean": 2020.2573243557372}, "annual_uploads": {"unit": "year", "labels": [2005, 2006, 2007, 2008, 2009, 2010, 2011, 2012, 2013, 2014, 2015, 2016, 2017, 2018, 2019, 2020, 2021, 2022, 2023], "values": [141661, 6091452, 28049014, 55389721, 88963541, 111771074, 166169163, 209659302, 222833839, 231333541, 296072933, 430084893, 547097450, 705333558, 861728065, 1371568490, 1874892478, 2582350962, 4348872246]}, "cumulative_uploads": {"unit": "year", "labels": [2005, 2006, 2007, 2008, 2009, 2010, 2011, 2012, 2013, 2014, 2015, 2016, 2017, 2018, 2019, 2020, 2021, 2022, 2023], "values": [141661, 6233113, 34282127, 89671848, 178635389, 290406463, 456575626, 666234928, 889068767, 1120402308, 1416475241, 1846560134, 2393657584, 3098991142, 3960719207, 5332287697, 7207180175, 9789531137, 14138403383]}, "music": {"unit": "accessible in YouTube Music", "labels": [false, true], "values": [0.9148631317382069, 0.08513686826179312]}, "live_status": {"unit": "live status", "labels": ["not_live", "was_live", "post_live", "is_live"], "values": [0.9521762654803415, 0.0477936756041842, 2.003927698288646e-05, 1.001963849144323e-05]}, "age_limit": {"unit": "age limit", "labels": [0, 18], "values": [0.9959821249649312, 0.004017875035068735]}, "availability": {"unit": "availability", "labels": ["public", "needs_auth", "unlisted", "0"], "values": [0.9959220071339826, 0.004017875035068735, 5.0098192457216146e-05, 1.001963849144323e-05]}, "category": {"unit": "category",