{"sample": {"collection_date": "20230925", "size": 13367181434, "queries": 3206, "verified_hits": 19956, "dead_links": 94, "prefix_len": 5, "efficiency": 8589934592}, "stats": {"fields": ["views", "likes", "duration", "comments", "subscribers", "whisper_lang", "upload_year", "annual_uploads", "cumulative_uploads", "music", "live_status", "age_limit", "availability", "category"], "data": {"views": {"unit": "views", "labels": ["0", "1", "2", "3-4", "5-8", "9-16", "17-32", "33-64", "65-128", "129-256", "257-512", "513-1,024", "1,025-2,048", "2,049-4,096", "4,097-8,192", "8,193-16,384", "16,385-32,768", "32,769-65,536", "65,537-131,072", "131,073-262,144", "262,145-524,288", "524,289-1,048,576", "1,048,577-2,097,152", "2,097,153-4,194,304", "4,194,305-8,388,608", "8,388,609-16,777,216"], "values": [0.04329524954900782, 0.039887753056724796, 0.03753257165764682, 0.057125676488274206, 0.0835838845460012, 0.10187412307075566, 0.10903988775305673, 0.10628382441371016, 0.09230306674684305, 0.07601723792343155, 0.06409100020044096, 0.05161354980958108, 0.04960914010823812, 0.03257165764682301, 0.02034475846863099, 0.011876127480457006, 0.00841852074564041, 0.005261575466025256, 0.0034576067348165967, 0.002305071156544398, 0.001453197033473642, 0.0010022048506714773, 0.0005011024253357386, 0.00020044097013429546, 0.00020044097013429546, 0.0001503307276007216], "median": 39.0, "mean": 7148.11610543195}, "likes": {"unit": "likes", "labels": ["0", "1", "2", "3-4", "5-8", "9-16", "17-32", "33-64", "65-128", "129-256", "257-512", "513-1,024", "1,025-2,048", "2,049-4,096", "4,097-8,192", "8,193-16,384", "16,385-32,768", "32,769-65,536", "65,537-131,072", "131,073-262,144", "262,145-524,288", "524,289-1,048,576"], "values": [0.3272198837442373, 0.14411705752655843, 0.08814391661655642, 0.0989176187612748, 0.09480857887352175, 0.07701944277410303, 0.05762677891360994, 0.041741832030467024, 0.028312287031469232, 0.01598516736821006, 0.009120064141110443, 0.006714772499498898, 0.0039085989176187615, 0.002605732611745841, 0.001503307276007216, 0.0010523150932050512, 0.0005512126678693125, 0.00035077169773501705, 0.00020044097013429546, 5.0110242533573865e-05, 0.0, 5.0110242533573865e-05], "median": 2.0, "mean": 153.86710763680097}, "duration": {"unit": "seconds", "labels": ["2", "3-4", "5-8", "9-16", "17-32", "33-64", "65-128", "129-256", "257-512", "513-1,024", "1,025-2,048", "2,049-4,096", "4,097-8,192", "8,193-16,384", "16,385-32,768", "32,769-65,536"], "values": [0.0028061735818801364, 0.007466426137502506, 0.03763279214271397, 0.18871517338143917, 0.12266987372218882, 0.12667869312487473, 0.09756464221286831, 0.13945680497093607, 0.10853878532772099, 0.07536580477049509, 0.037983563840448986, 0.02791140509120064, 0.017037482461415114, 0.007666867107636801, 0.0020545199438765285, 0.0004509921828021648], "median": 72.0, "mean": 526.2871316897174}, "comments": {"unit": "comments", "labels": ["0", "1", "2", "3-4", "5-8", "9-16", "17-32", "33-64", "65-128", "129-256", "257-512", "513-1,024", "1,025-2,048", "2,049-4,096", "4,097-8,192", "8,193-16,384"], "values": [0.7331629585087192, 0.07827219883744237, 0.0462016436159551, 0.042543595911004206, 0.03387452395269593, 0.025606333934656243, 0.01728803367408298, 0.010823812387251955, 0.006163559831629585, 0.0027059530968129887, 0.0015534175185407898, 0.0012026458208057728, 0.0004008819402685909, 5.0110242533573865e-05, 0.00010022048506714773, 5.0110242533573865e-05], "median": 0.0, "mean": 6.15829825616356}, "subscribers": {"unit": "subscribers", "labels": ["0", "1", "2", "3-4", "5-8", "9-16", "17-32", "33-64", "65-128", "129-256", "257-512", "513-1,024", "1,025-2,048", "2,049-4,096", "4,097-8,192", "8,193-16,384", "16,385-32,768", "32,769-65,536", "65,537-131,072", "131,073-262,144", "262,145-524,288", "524,289-1,048,576", "1,048,577-2,097,152", "2,097,153-4,194,304", "4,194,305-8,388,608", "8,388,609-16,777,216", "16,777,217-33,554,432", "33,554,433-67,108,864", "67,108,865-134,217,728", "134,217,729-268,435,456"], "values": [0.08563840448987774, 0.043796351974343554, 0.02786129484866707, 0.043646021246742835, 0.05391862096612548, 0.06649629184205251, 0.07120665464020846, 0.07391260773702145, 0.07235919021848065, 0.06444177189817599, 0.08408498697133694, 0.06649629184205251, 0.06288835437963519, 0.04469833633994789, 0.03612948486670675, 0.025355782721988376, 0.017939466827019444, 0.016285828823411504, 0.010974143114852676, 0.009320505111244739, 0.007817197835237523, 0.005411906193625977, 0.0038584886750851876, 0.002655842854279415, 0.0015534175185407898, 0.0009019843656043296, 0.0001503307276007216, 0.0001503307276007216, 0.0, 5.0110242533573865e-05], "median": 88.0, "mean": 62648.66320905993}, "whisper_lang": {"unit": "language", "labels": ["english", "hindi", "spanish", "portuguese", "russian", "arabic", "japanese", "indonesian", "korean", "vietnamese", "chinese", "turkish", "nynorsk", "bengali", "tamil", "french", "thai", "german", "telugu", "tagalog", "urdu", "italian", "punjabi", "polish", "other"], "values": [0.32150248344370863, 0.10782284768211921, 0.0802980132450331, 0.0759519867549669, 0.06374172185430464, 0.051427980132450334, 0.031663907284768214, 0.021730132450331126, 0.01976407284768212, 0.019660596026490066, 0.01903973509933775, 0.016142384105960264, 0.015314569536423841, 0.014693708609271524, 0.013969370860927153, 0.013658940397350994, 0.012313741721854305, 0.010554635761589404, 0.010037251655629138, 0.009105960264900662, 0.008278145695364239, 0.008174668874172186, 0.007864238410596027, 0.005277317880794702, 0.04201158940397349]}, "upload_year": {"unit": "year", "labels": [2006, 2007, 2008, 2009, 2010, 2011, 2012, 2013, 2014, 2015, 2016, 2017, 2018, 2019, 2020, 2021, 2022, 2023], "values": [0.0004509921828021648, 0.002254960914010824, 0.0030567247945480058, 0.005662457406293847, 0.008067749047905392, 0.01257767087592704, 0.014582080577269995, 0.017338143916616557, 0.01598516736821006, 0.022850270595309682, 0.031218681098416516, 0.04008819402685909, 0.05306674684305472, 0.06509320505111245, 0.1046802966526358, 0.14351573461615555, 0.20184405692523552, 0.2576668671076368], "median": 2021.0, "mean": 2020.1271797955503}, "annual_uploads": {"unit": "year", "labels": [2006, 2007, 2008, 2009, 2010, 2011, 2012, 2013, 2014, 2015, 2016, 2017, 2018, 2019, 2020, 2021, 2022, 2023], "values": [6028494, 30142471, 40859794, 75691095, 107843065, 168128008, 194921316, 231762115, 213676632, 305443712, 417305774, 535866162, 709352833, 870112682, 1399280517, 1918400863, 2698086130, 3444279762]}, "cumulative_uploads": {"unit": "year", "labels": [2006, 2007, 2008, 2009, 2010, 2011, 2012, 2013, 2014, 2015, 2016, 2017, 2018, 2019, 2020, 2021, 2022, 2023], "values": [6028494, 36170965, 77030759, 152721854, 260564919, 428692927, 623614243, 855376358, 1069052990, 1374496702, 1791802476, 2327668638, 3037021471, 3907134153, 5306414670, 7224815533, 9922901663, 13367181425]}, "music": {"unit": "accessible in YouTube Music", "labels": [false, true], "values": [0.9143114852675887, 0.0856885147324113]}, "live_status": {"unit": "live status", "labels": ["not_live", "was_live"], "values": [0.9540990178392463, 0.04590098216075366]}, "age_limit": {"unit": "age limit", "labels": [0, 18], "values": [0.9963419522950491, 0.003658047704950892]}, "availability": {"unit": "availability", "labels": ["public", "needs_auth"], "values": [0.9963419522950491, 0.003658047704950892]}, "category": {"unit": "category", "labels": ["People & Blogs", "Gaming", "Entertainment", "Music", "Education", "News & Politics", "Film & Animation", "Sports", "Comedy", "Howto & Style", "Autos & Vehicles", "Travel & Events", "Science & Technology", "Pets & Animals", "Nonprofits & Activism"],