{"sample": {"collection_date": "Jan 26 2024", "size": 14436635599, "queries": 3857, "verified_hits": 25929, "dead_links": 142, "prefix_len": 5, "efficiency": 8589934592}, "stats": {"fields": ["views", "likes", "duration", "comments", "subscribers", "whisper_lang", "upload_year", "annual_uploads", "cumulative_uploads", "music", "live_status", "age_limit", "availability", "category"], "data": {"views": {"unit": "views", "labels": ["0", "1", "2", "3-4", "5-8", "9-16", "17-32", "33-64", "65-128", "129-256", "257-512", "513-1,024", "1,025-2,048", "2,049-4,096", "4,097-8,192", "8,193-16,384", "16,385-32,768", "32,769-65,536", "65,537-131,072", "131,073-262,144", "262,145-524,288", "524,289-1,048,576", "1,048,577-2,097,152", "2,097,153-4,194,304", "4,194,305-8,388,608", "8,388,609-16,777,216", "16,777,217-33,554,432", "33,554,433-67,108,864"], "values": [0.04266646092122522, 0.03915592932644086, 0.0334850705964046, 0.05836740992207391, 0.07869763135560527, 0.10234549803255921, 0.11144973381683512, 0.10685903865442481, 0.09358845768073451, 0.08062649486922305, 0.06230229148985418, 0.04961036957024921, 0.04752719697554201, 0.0352210477586606, 0.020253066892986653, 0.013926394568320346, 0.008641308541007638, 0.0055937041894915515, 0.004012036108324975, 0.002468945297430754, 0.0018131317028007097, 0.000732968135174755, 0.0003086181621788442, 0.00019288635136177764, 3.857727027235553e-05, 7.715454054471106e-05, 0.0, 3.857727027235553e-05], "median": 40.0, "mean": 6683.575920067896}, "likes": {"unit": "likes", "labels": ["0", "1", "2", "3-4", "5-8", "9-16", "17-32", "33-64", "65-128", "129-256", "257-512", "513-1,024", "1,025-2,048", "2,049-4,096", "4,097-8,192", "8,193-16,384", "16,385-32,768", "32,769-65,536", "65,537-131,072", "131,073-262,144"], "values": [0.32127150682817684, 0.14285163181853253, 0.08841910346423887, 0.10138106627575033, 0.09466862124836047, 0.07630584059871924, 0.05659285548954556, 0.04440243808348121, 0.028007098217730113, 0.0167425352982023, 0.010994522027621325, 0.006905331378751639, 0.004706426973227374, 0.0027389861893372426, 0.0017359771622559987, 0.0015045135406218655, 0.0004243499729959108, 0.00011573181081706658, 0.0001543090810894221, 7.715454054471106e-05], "median": 2.0, "mean": 101.29017822698866}, "duration": {"unit": "seconds", "labels": ["2", "3-4", "5-8", "9-16", "17-32", "33-64", "65-128", "129-256", "257-512", "513-1,024", "1,025-2,048", "2,049-4,096", "4,097-8,192", "8,193-16,384", "16,385-32,768", "32,769-65,536", "65,537-131,072"], "values": [0.003510531594784353, 0.006403826865211018, 0.04096906102924157, 0.1943137103618548, 0.12965820538538694, 0.1319342643314559, 0.0893449579507754, 0.13494329141269965, 0.10107244811357148, 0.07171514543630893, 0.03772857032636371, 0.028894375433994292, 0.01890286243345421, 0.007368258622019906, 0.0027004089190648868, 0.00046292724326826634, 3.857727027235553e-05], "median": 61.0, "mean": 542.9574878481599}, "comments": {"unit": "comments", "labels": ["0", "1", "2", "3-4", "5-8", "9-16", "17-32", "33-64", "65-128", "129-256", "257-512", "513-1,024", "1,025-2,048", "2,049-4,096", "4,097-8,192", "8,193-16,384"], "values": [0.7308078080395031, 0.07900624951778412, 0.046292724326826636, 0.04316796543476584, 0.03371653421803873, 0.026039657433839982, 0.0170897307306535, 0.010570172054625415, 0.00621094051384924, 0.0037034179461461307, 0.0017745544325283543, 0.0009644317568088882, 0.00046292724326826634, 0.00011573181081706658, 0.0, 7.715454054471106e-05], "median": 0.0, "mean": 6.11480595633053}, "subscribers": {"unit": "subscribers", "labels": ["0", "1", "2", "3-4", "5-8", "9-16", "17-32", "33-64", "65-128", "129-256", "257-512", "513-1,024", "1,025-2,048", "2,049-4,096", "4,097-8,192", "8,193-16,384", "16,385-32,768", "32,769-65,536", "65,537-131,072", "131,073-262,144", "262,145-524,288", "524,289-1,048,576", "1,048,577-2,097,152", "2,097,153-4,194,304", "4,194,305-8,388,608", "8,388,609-16,777,216", "16,777,217-33,554,432", "33,554,433-67,108,864", "67,108,865-134,217,728", "134,217,729-268,435,456"], "values": [0.08155234935575958, 0.0386930020831726, 0.027891366406913046, 0.04100763829951393, 0.053429519327212405, 0.066622945760358, 0.0697477046524188, 0.07237095903093897, 0.07021063189568706, 0.07194660905794306, 0.08089653576112954, 0.07098217730113417, 0.06550420492245969, 0.048954555975619166, 0.03398657510994522, 0.026348275596018825, 0.019674407838901318, 0.015392330838669855, 0.012113262865519637, 0.010300131162718926, 0.007754031324743461, 0.005323663297585063, 0.0030861816217884423, 0.0030861816217884423, 0.0019288635136177764, 0.0008486999459918216, 0.0001543090810894221, 0.00011573181081706658, 3.857727027235553e-05, 3.857727027235553e-05], "median": 104.0, "mean": 65871.7603194198}, "whisper_lang": {"unit": "language", "labels": ["english", "hindi", "spanish", "portuguese", "russian", "arabic", "japanese", "indonesian", "korean", "chinese", "bengali", "vietnamese", "french", "nynorsk", "turkish", "thai", "tamil", "german", "urdu", "punjabi", "telugu", "italian", "tagalog", "polish", "other"], "values": [0.322129519268971, 0.10862137465236392, 0.07890345649582836, 0.07787048073102901, 0.061104489471593165, 0.05609852999602702, 0.02836710369487485, 0.021454112038140644, 0.020103297576479936, 0.017163289630512515, 0.016765991259435835, 0.0166865315852205, 0.015812475168851807, 0.01541517679777513, 0.014938418752483114, 0.013428684942391736, 0.013110846245530394, 0.011283273738577671, 0.010806515693285657, 0.009137862534763607, 0.008422725466825586, 0.0077870480731029, 0.006356773937226857, 0.005164878823996822, 0.04306714342471194]}, "upload_year": {"unit": "year", "labels": [2006, 2007, 2008, 2009, 2010, 2011, 2012, 2013, 2014, 2015, 2016, 2017, 2018, 2019, 2020, 2021, 2022, 2023, 2024], "values": [0.0004243499729959108, 0.001967440783890132, 0.003317645243422575, 0.006326672324666306, 0.008178381297739372, 0.010763058405987192, 0.013386312784507368, 0.014736517244039812, 0.01620245351438932, 0.02017591235244194, 0.028354293650181314, 0.038422961191266106, 0.05042049224596867, 0.05709436000308618, 0.09432142581590927, 0.13127845073682587, 0.17386775711750638, 0.30217575804336083, 0.028585757271815445], "median": 2022.0, "mean": 2020.3853483527505}, "annual_uploads": {"unit": "year", "labels": [2006, 2007, 2008, 2009, 2010, 2011, 2012, 2013, 2014, 2015, 2016, 2017, 2018, 2019, 2020, 2021, 2022, 2023, 2024], "values": [6126185, 28403225, 47895635, 91335862, 118068310, 155382352, 193253319, 212745729, 233908917, 291272294, 409340605, 554698289, 727902273, 824250470, 1361684053, 1895219155, 2510065451, 4362401305, 412682161]}, "cumulative_uploads": {"unit": "year", "labels": [2006, 2007, 2008, 2009, 2010, 2011, 2012, 2013, 2014, 2015, 2016, 2017, 2018, 2019, 2020, 2021, 2022, 2023, 2024], "values": [6126185, 34529410, 82425045, 173760907, 291829217, 447211569, 640464888, 853210617, 1087119534, 1378391828, 1787732433, 2342430722, 3070332995, 3894583465, 5256267518, 7151486673, 9661552124, 14023953429, 14436635590]}, "music": {"unit": "accessible in YouTube Music", "labels": [false, true], "values": [0.9164030553198056, 0.08359694468019443]}, "live_status": {"unit": "live status", "labels": ["not_live", "was_live", "is_live"], "values": [0.9520484530514621, 0.04791296967826557, 3.857727027235553e-05]}, "age_limit": {"unit": "age limit", "labels": [0, 18], "values": [0.9957565002700409, 0.004243499729959108]}, "availability": {"unit": "availability", "labels": ["public", "needs_auth", 0], "values": [0.9957179229997686, 0.004243499729959108, 3.857727027235553e-05]}, "category": {"unit": "category", "labels": ["People & Blogs", "Gaming", "Entertainment", "Music", "Education", "News & Politics", "Film & Animation", "Sports", "Comedy", "Howto & Style", "Autos & Vehicles", "Travel & Events", "Science & Technology", "Nonprofits & Activism", "Pets & Animals", "Shows", 0],