{"sample": {"collection_date": "Mar 15 2024", "size": 14760753574, "queries": 3779, "verified_hits": 25975, "dead_links": 103, "prefix_len": 5, "efficiency": 8589934592}, "stats": {"fields": ["views", "likes", "duration", "comments", "subscribers", "whisper_lang", "upload_year", "annual_uploads", "cumulative_uploads", "music", "live_status", "age_limit", "availability", "category"], "data": {"views": {"unit": "views", "labels": ["0", "1", "2", "3-4", "5-8", "9-16", "17-32", "33-64", "65-128", "129-256", "257-512", "513-1,024", "1,025-2,048", "2,049-4,096", "4,097-8,192", "8,193-16,384", "16,385-32,768", "32,769-65,536", "65,537-131,072", "131,073-262,144", "262,145-524,288", "524,289-1,048,576", "1,048,577-2,097,152", "2,097,153-4,194,304", "4,194,305-8,388,608", "8,388,609-16,777,216", "16,777,217-33,554,432"], "values": [0.0431953801732435, 0.03738209817131857, 0.03337824831568816, 0.05301251203079885, 0.08215591915303176, 0.10229066410009624, 0.11160731472569779, 0.10590952839268528, 0.09424446583253128, 0.08165543792107796, 0.06429258902791145, 0.0492781520692974, 0.04635226179018287, 0.03676612127045236, 0.022059672762271415, 0.0131665062560154, 0.008354186717998075, 0.005774783445620789, 0.0025794032723772857, 0.003156881616939365, 0.0016554379210779596, 0.0006929740134744947, 0.00034648700673724735, 0.0004234841193455245, 0.00011549566891241578, 0.00011549566891241578, 3.8498556304138595e-05], "median": 41.0, "mean": 7286.172050048123}, "likes": {"unit": "likes", "labels": ["0", "1", "2", "3-4", "5-8", "9-16", "17-32", "33-64", "65-128", "129-256", "257-512", "513-1,024", "1,025-2,048", "2,049-4,096", "4,097-8,192", "8,193-16,384", "16,385-32,768", "32,769-65,536", "65,537-131,072", "131,073-262,144", "262,145-524,288", "524,289-1,048,576"], "values": [0.314995187680462, 0.14621751684311837, 0.08685274302213666, 0.10148219441770934, 0.09397497593840232, 0.0788065447545717, 0.059364773820981716, 0.0448893166506256, 0.028065447545717034, 0.01640038498556304, 0.010548604427333975, 0.0074302213666987485, 0.004581328200192493, 0.0026179018286814244, 0.001231953801732435, 0.001039461020211742, 0.0006929740134744947, 0.0004234841193455245, 0.00019249278152069297, 0.00011549566891241578, 0.0, 7.699711260827719e-05], "median": 2.0, "mean": 185.78833493743986}, "duration": {"unit": "seconds", "labels": ["2", "3-4", "5-8", "9-16", "17-32", "33-64", "65-128", "129-256", "257-512", "513-1,024", "1,025-2,048", "2,049-4,096", "4,097-8,192", "8,193-16,384", "16,385-32,768", "32,769-65,536", "65,537-131,072"], "values": [0.0033108758421559192, 0.006506256015399422, 0.04238691049085659, 0.18999037536092397, 0.13070259865255052, 0.13663137632338787, 0.0919730510105871, 0.12820019249278153, 0.09978825794032724, 0.07476419634263715, 0.03757459095283927, 0.026717998075072184, 0.01967276227141482, 0.00846968238691049, 0.002656400384985563, 0.0006159769008662175, 3.8498556304138595e-05], "median": 60.0, "mean": 559.4072762271414}, "comments": {"unit": "comments", "labels": ["0", "1", "2", "3-4", "5-8", "9-16", "17-32", "33-64", "65-128", "129-256", "257-512", "513-1,024", "1,025-2,048", "2,049-4,096", "4,097-8,192", "8,193-16,384"], "values": [0.7290856592877767, 0.07996150144369586, 0.04565928777670837, 0.04257940327237729, 0.03538017324350337, 0.02656400384985563, 0.017439846005774782, 0.010240615976900866, 0.006121270452358036, 0.0036573628488931666, 0.0017324350336862368, 0.0009624639076034649, 0.00023099133782483156, 0.00011549566891241578, 0.00023099133782483156, 3.8498556304138595e-05], "median": 0.0, "mean": 6.544947064485082}, "subscribers": {"unit": "subscribers", "labels": ["0", "1", "2", "3-4", "5-8", "9-16", "17-32", "33-64", "65-128", "129-256", "257-512", "513-1,024", "1,025-2,048", "2,049-4,096", "4,097-8,192", "8,193-16,384", "16,385-32,768", "32,769-65,536", "65,537-131,072", "131,073-262,144", "262,145-524,288", "524,289-1,048,576", "1,048,577-2,097,152", "2,097,153-4,194,304", "4,194,305-8,388,608", "8,388,609-16,777,216", "16,777,217-33,554,432", "33,554,433-67,108,864", "67,108,865-134,217,728"], "values": [0.0801924927815207, 0.03923002887391723, 0.026410009624639075, 0.03869104908565929, 0.05308950914340712, 0.062098171318575555, 0.06964388835418672, 0.07179980750721848, 0.07149181905678537, 0.06948989412897016, 0.08146294513955726, 0.06798845043310876, 0.06841193455245428, 0.05285851780558229, 0.03676612127045236, 0.028103946102021174, 0.0197497593840231, 0.01640038498556304, 0.01289701636188643, 0.010356111645813283, 0.006506256015399422, 0.005389797882579404, 0.004003849855630414, 0.002964388835418672, 0.002271414821944177, 0.0011164581328200192, 0.00038498556304138594, 0.00019249278152069297, 3.8498556304138595e-05], "median": 114.0, "mean": 71262.72558229066}, "whisper_lang": {"unit": "language", "labels": ["english", "hindi", "spanish", "portuguese", "russian", "arabic", "japanese", "chinese", "indonesian", "korean", "vietnamese", "bengali", "french", "tamil", "turkish", "nynorsk", "thai", "german", "telugu", "urdu", "punjabi", "tagalog", "italian", "malayalam", "other"], "values": [0.3166601638704643, 0.1110417479516192, 0.0796722590714007, 0.07928209129925869, 0.0592274678111588, 0.053999219664455714, 0.030901287553648068, 0.021615294576667967, 0.02145922746781116, 0.020132657042528288, 0.018025751072961373, 0.014514241123683184, 0.014280140460397972, 0.014202106905969568, 0.01334373780725712, 0.01334373780725712, 0.013031603589543504, 0.012875536480686695, 0.009832227857978932, 0.0092859929769801, 0.00850565743269606, 0.008193523214982443, 0.007881388997268826, 0.005228248146703082, 0.043464689816621147]}, "upload_year": {"unit": "year", "labels": [2006, 2007, 2008, 2009, 2010, 2011, 2012, 2013, 2014, 2015, 2016, 2017, 2018, 2019, 2020, 2021, 2022, 2023, 2024], "values": [0.0005389797882579403, 0.001809432146294514, 0.0035803657362848892, 0.005543792107795958, 0.0065832531280077, 0.009971126082771896, 0.013358999037536092, 0.014667949951876804, 0.01666987487969201, 0.01940327237728585, 0.0285274302213667, 0.03333974975938402, 0.04789220404234841, 0.054975938402309917, 0.09193455245428296, 0.12581328200192493, 0.1665832531280077, 0.28404234841193454, 0.07476419634263715], "median": 2022.0, "mean": 2020.548103946102}, "annual_uploads": {"unit": "year", "labels": [2006, 2007, 2008, 2009, 2010, 2011, 2012, 2013, 2014, 2015, 2016, 2017, 2018, 2019, 2020, 2021, 2022, 2023, 2024], "values": [7955747, 26708582, 52848896, 81830549, 97173777, 147181334, 197188892, 216509994, 246059915, 286406922, 421086367, 492119830, 706925021, 811486279, 1357023273, 1857098851, 2458894348, 4192679109, 1103575878]}, "cumulative_uploads": {"unit": "year", "labels": [2006, 2007, 2008, 2009, 2010, 2011, 2012, 2013, 2014, 2015, 2016, 2017, 2018, 2019, 2020, 2021, 2022, 2023, 2024], "values": [7955747, 34664329, 87513225, 169343774, 266517551, 413698885, 610887777, 827397771, 1073457686, 1359864608, 1780950975, 2273070805, 2979995826, 3791482105, 5148505378, 7005604229, 9464498577, 13657177686, 14760753564]}, "music": {"unit": "accessible in YouTube Music", "labels": [false, true], "values": [0.9193070259865255, 0.0806929740134745]}, "live_status": {"unit": "live status", "labels": ["not_live", "was_live"], "values": [0.9520692974013475, 0.04793070259865255]}, "age_limit": {"unit": "age limit", "labels": [0, 18], "values": [0.9960346487006737, 0.003965351299326275]}, "availability": {"unit": "availability", "labels": ["public", "needs_auth", 0], "values": [0.994995187680462, 0.003965351299326275, 0.001039461020211742]}, "category": {"unit": "category", "labels": ["People & Blogs", "Gaming", "Entertainment", "Music", "Education", "News & Politics", "Sports", "Film & Animation", "Comedy", "Howto & Style", "Autos & Vehicles", "Travel & Events", "Science & Technology", "Pets & Animals", "Nonprofits & Activism", "Shorts"],