{"sample": {"collection_date": "Mar 15 2024", "size": 14684037434, "queries": 3779, "verified_hits": 25840, "dead_links": 238, "prefix_len": 5, "efficiency": 8589934592}, "stats": {"fields": ["views", "likes", "duration", "comments", "subscribers", "whisper_lang", "upload_year", "annual_uploads", "cumulative_uploads", "music", "live_status", "age_limit", "availability", "category"], "data": {"views": {"unit": "views", "labels": ["0", "1", "2", "3-4", "5-8", "9-16", "17-32", "33-64", "65-128", "129-256", "257-512", "513-1,024", "1,025-2,048", "2,049-4,096", "4,097-8,192", "8,193-16,384", "16,385-32,768", "32,769-65,536", "65,537-131,072", "131,073-262,144", "262,145-524,288", "524,289-1,048,576", "1,048,577-2,097,152", "2,097,153-4,194,304", "4,194,305-8,388,608", "8,388,609-16,777,216", "16,777,217-33,554,432"], "values": [0.043111455108359134, 0.03753869969040248, 0.03332043343653251, 0.05301857585139319, 0.08208204334365325, 0.1021671826625387, 0.11180340557275542, 0.105843653250774, 0.09431114551083591, 0.081656346749226, 0.06428018575851394, 0.0494969040247678, 0.04632352941176471, 0.03668730650154799, 0.021904024767801858, 0.013196594427244582, 0.008359133126934985, 0.005804953560371517, 0.0025928792569659444, 0.0031346749226006192, 0.0016253869969040248, 0.0006965944272445821, 0.00034829721362229104, 0.0004256965944272446, 0.00011609907120743033, 0.00011609907120743033, 3.869969040247678e-05], "median": 41.0, "mean": 7300.273722910217}, "likes": {"unit": "likes", "labels": ["0", "1", "2", "3-4", "5-8", "9-16", "17-32", "33-64", "65-128", "129-256", "257-512", "513-1,024", "1,025-2,048", "2,049-4,096", "4,097-8,192", "8,193-16,384", "16,385-32,768", "32,769-65,536", "65,537-131,072", "131,073-262,144", "262,145-524,288", "524,289-1,048,576"], "values": [0.31505417956656345, 0.14640092879256966, 0.08672600619195046, 0.10154798761609907, 0.09396284829721362, 0.07875386996904024, 0.05940402476780186, 0.04477554179566563, 0.02801857585139319, 0.016524767801857587, 0.010410216718266254, 0.007391640866873065, 0.004605263157894736, 0.002631578947368421, 0.001238390092879257, 0.001044891640866873, 0.0006965944272445821, 0.0004256965944272446, 0.0001934984520123839, 0.00011609907120743033, 0.0, 7.739938080495357e-05], "median": 2.0, "mean": 186.5893575851393}, "duration": {"unit": "seconds", "labels": ["2", "3-4", "5-8", "9-16", "17-32", "33-64", "65-128", "129-256", "257-512", "513-1,024", "1,025-2,048", "2,049-4,096", "4,097-8,192", "8,193-16,384", "16,385-32,768", "32,769-65,536", "65,537-131,072"], "values": [0.003328173374613003, 0.006540247678018576, 0.04237616099071207, 0.1899767801857585, 0.1306888544891641, 0.13660990712074303, 0.09195046439628483, 0.1281346749226006, 0.09976780185758514, 0.07480650154798761, 0.037577399380804954, 0.026702786377708978, 0.019698142414860682, 0.008513931888544891, 0.002670278637770898, 0.0006191950464396285, 3.869969040247678e-05], "median": 60.0, "mean": 560.4384674922601}, "comments": {"unit": "comments", "labels": ["0", "1", "2", "3-4", "5-8", "9-16", "17-32", "33-64", "65-128", "129-256", "257-512", "513-1,024", "1,025-2,048", "2,049-4,096", "4,097-8,192", "8,193-16,384"], "values": [0.72921826625387, 0.08003095975232198, 0.045510835913312696, 0.04272445820433437, 0.03521671826625387, 0.02654798761609907, 0.01741486068111455, 0.010255417956656347, 0.006153250773993808, 0.0035990712074303404, 0.001741486068111455, 0.0009674922600619195, 0.00023219814241486067, 0.00011609907120743033, 0.00023219814241486067, 3.869969040247678e-05], "median": 0.0, "mean": 6.555727554179566}, "subscribers": {"unit": "subscribers", "labels": ["0", "1", "2", "3-4", "5-8", "9-16", "17-32", "33-64", "65-128", "129-256", "257-512", "513-1,024", "1,025-2,048", "2,049-4,096", "4,097-8,192", "8,193-16,384", "16,385-32,768", "32,769-65,536", "65,537-131,072", "131,073-262,144", "262,145-524,288", "524,289-1,048,576", "1,048,577-2,097,152", "2,097,153-4,194,304", "4,194,305-8,388,608", "8,388,609-16,777,216", "16,777,217-33,554,432", "33,554,433-67,108,864", "67,108,865-134,217,728"], "values": [0.08026315789473684, 0.03908668730650155, 0.026470588235294117, 0.03889318885448916, 0.05309597523219814, 0.062113003095975235, 0.06969814241486068, 0.07174922600619195, 0.07163312693498453, 0.06911764705882353, 0.08146284829721362, 0.06811145510835913, 0.0684984520123839, 0.05274767801857585, 0.03676470588235294, 0.028173374613003097, 0.019698142414860682, 0.01636996904024768, 0.012809597523219814, 0.0103328173374613, 0.006540247678018576, 0.005379256965944272, 0.003986068111455109, 0.002979876160990712, 0.00228328173374613, 0.0011222910216718265, 0.0003869969040247678, 0.0001934984520123839, 3.869969040247678e-05], "median": 113.0, "mean": 71487.40116099072}, "whisper_lang": {"unit": "language", "labels": ["english", "hindi", "spanish", "portuguese", "russian", "arabic", "japanese", "chinese", "indonesian", "korean", "vietnamese", "french", "tamil", "bengali", "turkish", "nynorsk", "german", "thai", "telugu", "urdu", "tagalog", "italian", "punjabi", "other"], "values": [0.3168994282500703, 0.11022588808698097, 0.07929515418502203, 0.0784515887149686, 0.058299746930358984, 0.05698753397694254, 0.03139938138532196, 0.021370325241353454, 0.021182866248008247, 0.020058112287937014, 0.01799606336113975, 0.01471553097759865, 0.014340612990908238, 0.014246883494235635, 0.013871965507545225, 0.013215859030837005, 0.012840941044146592, 0.012653482050801388, 0.0098415971506233, 0.009279220170587684, 0.008623113693879464, 0.008248195707189052, 0.007592089230480832, 0.04836442028306307]}, "upload_year": {"unit": "year", "labels": [2006, 2007, 2008, 2009, 2010, 2011, 2012, 2013, 2014, 2015, 2016, 2017, 2018, 2019, 2020, 2021, 2022, 2023, 2024], "values": [0.000541795665634675, 0.0018188854489164087, 0.0035990712074303404, 0.005572755417956657, 0.006578947368421052, 0.009984520123839009, 0.013312693498452013, 0.0146671826625387, 0.01671826625386997, 0.019427244582043344, 0.028560371517027863, 0.03312693498452012, 0.0478328173374613, 0.05503095975232198, 0.09156346749226006, 0.125812693498452, 0.1660216718266254, 0.285061919504644, 0.07476780185758514], "median": 2022.0, "mean": 2020.549806501548}, "annual_uploads": {"unit": "year", "labels": [2006, 2007, 2008, 2009, 2010, 2011, 2012, 2013, 2014, 2015, 2016, 2017, 2018, 2019, 2020, 2021, 2022, 2023, 2024], "values": [7955747, 26708582, 52848896, 81830549, 96605509, 146613067, 195484089, 215373459, 245491647, 285270386, 419381564, 486437153, 702378880, 808076673, 1344521384, 1847438301, 2437868443, 4185859897, 1097893201]}, "cumulative_uploads": {"unit": "year", "labels": [2006, 2007, 2008, 2009, 2010, 2011, 2012, 2013, 2014, 2015, 2016, 2017, 2018, 2019, 2020, 2021, 2022, 2023, 2024], "values": [7955747, 34664329, 87513225, 169343774, 265949283, 412562350, 608046439, 823419898, 1068911545, 1354181931, 1773563495, 2260000648, 2962379528, 3770456201, 5114977585, 6962415886, 9400284329, 13586144226, 14684037427]}, "music": {"unit": "accessible in YouTube Music", "labels": [false, true], "values": [0.9195046439628483, 0.0804953560371517]}, "live_status": {"unit": "live status", "labels": ["not_live", "was_live"], "values": [0.9521284829721363, 0.047871517027863776]}, "age_limit": {"unit": "age limit", "labels": [0, 18], "values": [0.9963235294117647, 0.003676470588235294]}, "availability": {"unit": "availability", "labels": ["public", 0, "needs_auth"], "values": [0.9592105263157895, 0.03711300309597523, 0.003676470588235294]}, "category": {"unit": "category", "labels": ["People & Blogs", "Gaming", "Entertainment", "Music", "Howto & Style", "Education", "News & Politics", "Sports", "Film & Animation", "Comedy", "Travel & Events", "Autos & Vehicles", "Science & Technology", "Pets & Animals", "Nonprofits & Activism", "Shorts"],