{"sample": {"collection_date": "Nov 11 2023", "size": 13628597879, "queries": 3930, "verified_hits": 24941, "dead_links": 113, "prefix_len": 5, "efficiency": 8589934592}, "stats": {"fields": ["views", "likes", "duration", "comments", "subscribers", "whisper_lang", "upload_year", "annual_uploads", "cumulative_uploads", "music", "live_status", "age_limit", "availability", "category"], "data": {"views": {"unit": "views", "labels": ["0", "1", "2", "3-4", "5-8", "9-16", "17-32", "33-64", "65-128", "129-256", "257-512", "513-1,024", "1,025-2,048", "2,049-4,096", "4,097-8,192", "8,193-16,384", "16,385-32,768", "32,769-65,536", "65,537-131,072", "131,073-262,144", "262,145-524,288", "524,289-1,048,576", "1,048,577-2,097,152", "2,097,153-4,194,304", "4,194,305-8,388,608", "8,388,609-16,777,216", "16,777,217-33,554,432"], "values": [0.04460310456860936, 0.039789819902932094, 0.03321166419317316, 0.054711002366531626, 0.08222694637198669, 0.10123942080141189, 0.11431551080983514, 0.10745658016124504, 0.09550358990814649, 0.07829609722835025, 0.06120893666519594, 0.05086037463398981, 0.04813284665677269, 0.032289117965585014, 0.018491035257310176, 0.013035979302875937, 0.008864465925955637, 0.0060166058320965865, 0.003730295615899884, 0.0024066423328386348, 0.001524206810797802, 0.0010027676386827643, 0.00040110705547310576, 0.00040110705547310576, 0.00012033211664193174, 8.022141109462116e-05, 8.022141109462116e-05], "median": 39.0, "mean": 8082.154827323413}, "likes": {"unit": "likes", "labels": ["0", "1", "2", "3-4", "5-8", "9-16", "17-32", "33-64", "65-128", "129-256", "257-512", "513-1,024", "1,025-2,048", "2,049-4,096", "4,097-8,192", "8,193-16,384", "16,385-32,768", "32,769-65,536", "65,537-131,072", "131,073-262,144", "262,145-524,288", "524,289-1,048,576"], "values": [0.32666158597729733, 0.1410693514098913, 0.08507480646584574, 0.10356584172315592, 0.09534314708595724, 0.07713288676747825, 0.05888251574345193, 0.04091291965825679, 0.028237936705306645, 0.014760739641410293, 0.009185351570334122, 0.007260037704063214, 0.005174281015603064, 0.0026874172716698087, 0.0013637639886085596, 0.001243431871966628, 0.0006417712887569693, 0.0004412177610204163, 0.00020055352773655288, 4.011070554731058e-05, 4.011070554731058e-05, 8.022141109462116e-05], "median": 2.0, "mean": 198.17845252898}, "duration": {"unit": "seconds", "labels": ["2", "3-4", "5-8", "9-16", "17-32", "33-64", "65-128", "129-256", "257-512", "513-1,024", "1,025-2,048", "2,049-4,096", "4,097-8,192", "8,193-16,384", "16,385-32,768", "32,769-65,536"], "values": [0.0036500742048052627, 0.006738598531948177, 0.037744173920019254, 0.18928241947775862, 0.125145401307609, 0.12683005094059605, 0.09321727969194978, 0.13497252416670008, 0.1065741446392042, 0.07596967630660623, 0.04179535518029762, 0.027315390477718502, 0.01929324936825639, 0.009105130159239501, 0.0018852031607235972, 0.00048132846656772694], "median": 70.0, "mean": 549.3240142794111}, "comments": {"unit": "comments", "labels": ["0", "1", "2", "3-4", "5-8", "9-16", "17-32", "33-64", "65-128", "129-256", "257-512", "513-1,024", "1,025-2,048", "2,049-4,096", "4,097-8,192"], "values": [0.7377562071316834, 0.07572901207332237, 0.04652841843488027, 0.039148048614175125, 0.03377321407083551, 0.025269744494805662, 0.016485499979944647, 0.010629336970037304, 0.007179816292968593, 0.0033291885604267778, 0.0021659780995547714, 0.001323653283061249, 0.00032088564437848463, 0.00024066423328386347, 0.00012033211664193174], "median": 0.0, "mean": 6.388472183225703}, "subscribers": {"unit": "subscribers", "labels": ["0", "1", "2", "3-4", "5-8", "9-16", "17-32", "33-64", "65-128", "129-256", "257-512", "513-1,024", "1,025-2,048", "2,049-4,096", "4,097-8,192", "8,193-16,384", "16,385-32,768", "32,769-65,536", "65,537-131,072", "131,073-262,144", "262,145-524,288", "524,289-1,048,576", "1,048,577-2,097,152", "2,097,153-4,194,304", "4,194,305-8,388,608", "8,388,609-16,777,216", "16,777,217-33,554,432", "33,554,433-67,108,864", "67,108,865-134,217,728"], "values": [0.08427259235489952, 0.039148048614175125, 0.026793951305603466, 0.043199229874453494, 0.05543299506638322, 0.06550078215875817, 0.07288115197946332, 0.07408447314588264, 0.07195860575187518, 0.06858930648590109, 0.08339015683285869, 0.06915085636356344, 0.06285347559263567, 0.047892182423488826, 0.03333199630981509, 0.023865869800649794, 0.019213027957161767, 0.014800850346957602, 0.012193654486382415, 0.008423248164935221, 0.008182583931651357, 0.005334723837792306, 0.003409409971521399, 0.0027275279772171193, 0.0017648710440816653, 0.0008423248164935221, 0.00048132846656772694, 0.00024066423328386347, 4.011070554731058e-05], "median": 91.0, "mean": 69876.20845533673}, "whisper_lang": {"unit": "language", "labels": ["english", "hindi", "spanish", "portuguese", "russian", "arabic", "japanese", "korean", "indonesian", "chinese", "vietnamese", "french", "bengali", "turkish", "tamil", "nynorsk", "thai", "german", "urdu", "telugu", "punjabi", "tagalog", "italian", "other"], "values": [0.321319587628866, 0.10111340206185566, 0.08074226804123712, 0.07818556701030928, 0.061195876288659794, 0.05649484536082474, 0.030927835051546393, 0.02243298969072165, 0.021360824742268043, 0.019876288659793816, 0.01839175257731959, 0.01624742268041237, 0.014762886597938145, 0.014762886597938145, 0.01443298969072165, 0.014103092783505154, 0.012453608247422681, 0.011381443298969071, 0.010061855670103093, 0.009484536082474227, 0.009154639175257733, 0.008577319587628866, 0.008082474226804123, 0.04445360824742268]}, "upload_year": {"unit": "year", "labels": [2006, 2007, 2008, 2009, 2010, 2011, 2012, 2013, 2014, 2015, 2016, 2017, 2018, 2019, 2020, 2021, 2022, 2023], "values": [0.0003609963499257952, 0.002206088805102082, 0.0036901849103525733, 0.0060166058320965865, 0.007982030403914805, 0.012073322369740484, 0.014520075408126429, 0.015763507280093056, 0.018330592435120932, 0.02234166298985199, 0.028799486582968995, 0.04063214471942561, 0.05078015322289519, 0.06277325418154105, 0.10256307408447314, 0.13978580883237737, 0.19128795475512414, 0.28009305683686975], "median": 2021.0, "mean": 2020.1803377321407}, "annual_uploads": {"unit": "year", "labels": [2006, 2007, 2008, 2009, 2010, 2011, 2012, 2013, 2014, 2015, 2016, 2017, 2018, 2019, 2020, 2021, 2022, 2023], "values": [4919874, 30065897, 50292046, 81997901, 108783882, 164542455, 197888268, 214834501, 249820273, 304485540, 392496621, 553759161, 692062288, 855511438, 1397790893, 1905084577, 2606986614, 3817275640]}, "cumulative_uploads": {"unit": "year", "labels": [2006, 2007, 2008, 2009, 2010, 2011, 2012, 2013, 2014, 2015, 2016, 2017, 2018, 2019, 2020, 2021, 2022, 2023], "values": [4919874, 34985771, 85277817, 167275718, 276059600, 440602055, 638490323, 853324824, 1103145097, 1407630637, 1800127258, 2353886419, 3045948707, 3901460145, 5299251038, 7204335615, 9811322229, 13628597869]}, "music": {"unit": "accessible in YouTube Music", "labels": [false, true], "values": [0.9145240864786811, 0.08547591352131884]}, "live_status": {"unit": "live status", "labels": ["not_live", "was_live"], "values": [0.9520275961654165, 0.04797240383458345]}, "age_limit": {"unit": "age limit", "labels": [0, 18], "values": [0.9959087080341743, 0.0040912919658256785]}, "availability": {"unit": "availability", "labels": ["public", "needs_auth", "unlisted"], "values": [0.9958284866230797, 0.0040912919658256785, 8.022141109462116e-05]}, "category": {"unit": "category", "labels": ["People & Blogs", "Gaming", "Entertainment", "Music", "Education", "News & Politics", "Film & Animation", "Sports", "Comedy", "Howto & Style", "Travel & Events", "Autos & Vehicles", "Science & Technology", "Pets & Animals", "Nonprofits & Activism"],