{"sample": {"collection_date": "Jun 17 2024", "size": 14830666076, "queries": 3758, "verified_hits": 25953, "dead_links": 112, "prefix_len": 5, "efficiency": 8589934592}, "stats": {"fields": ["views", "likes", "duration", "comments", "subscribers", "whisper_lang", "upload_year", "annual_uploads", "cumulative_uploads", "music", "live_status", "age_limit", "availability", "category"], "data": {"views": {"unit": "views", "labels": ["0", "1", "2", "3-4", "5-8", "9-16", "17-32", "33-64", "65-128", "129-256", "257-512", "513-1,024", "1,025-2,048", "2,049-4,096", "4,097-8,192", "8,193-16,384", "16,385-32,768", "32,769-65,536", "65,537-131,072", "131,073-262,144", "262,145-524,288", "524,289-1,048,576", "1,048,577-2,097,152", "2,097,153-4,194,304", "4,194,305-8,388,608", "8,388,609-16,777,216", "16,777,217-33,554,432", "33,554,433-67,108,864", "67,108,865-134,217,728"], "values": [0.04257696605402073, 0.03806881670712442, 0.031749701383269754, 0.05856741031865295, 0.08203290563711324, 0.09968019111470736, 0.11027626863946365, 0.10858089623550264, 0.0919739529148846, 0.07837244249219744, 0.06981851809039417, 0.049551111624860325, 0.04296227796401187, 0.036758756213154546, 0.02080684313952144, 0.014641852579663238, 0.00805301891881478, 0.00539436673987593, 0.004084306245906061, 0.002273340268947713, 0.001579778830963665, 0.0010403421569760722, 0.0004238431009902516, 0.00038531190999113783, 0.0002311871459946827, 3.853119099911378e-05, 0.0, 3.853119099911378e-05, 3.853119099911378e-05], "median": 41.0, "mean": 11255.880206527183}, "likes": {"unit": "likes", "labels": ["0", "1", "2", "3-4", "5-8", "9-16", "17-32", "33-64", "65-128", "129-256", "257-512", "513-1,024", "1,025-2,048", "2,049-4,096", "4,097-8,192", "8,193-16,384", "16,385-32,768", "32,769-65,536", "65,537-131,072", "131,073-262,144", "262,145-524,288", "524,289-1,048,576"], "values": [0.3206565714946249, 0.1440295919546873, 0.08241821754710438, 0.10395715331560898, 0.09863984895773129, 0.07914306631217971, 0.05679497553269371, 0.04022656340307479, 0.027973644665356606, 0.01741609833159943, 0.009941047277771356, 0.006396177705852888, 0.004816398874889223, 0.0033136824259237855, 0.001926559549955689, 0.0011174045389742997, 0.0004238431009902516, 0.00034678071899202405, 0.0002697183369937965, 0.00011559357299734135, 0.0, 7.706238199822757e-05], "median": 2.0, "mean": 185.0396871267291}, "duration": {"unit": "seconds", "labels": ["2", "3-4", "5-8", "9-16", "17-32", "33-64", "65-128", "129-256", "257-512", "513-1,024", "1,025-2,048", "2,049-4,096", "4,097-8,192", "8,193-16,384", "16,385-32,768", "32,769-65,536"], "values": [0.003544869571918468, 0.0064347088968520014, 0.04003390744807922, 0.19045967710861944, 0.12472546526413131, 0.13493623087889647, 0.09166570338689169, 0.13393441991291952, 0.10403421569760721, 0.07274688860632682, 0.039687126729087197, 0.027896582283358378, 0.018225253342580818, 0.008361268446807691, 0.0024274650329441684, 0.000886217392979617], "median": 64.0, "mean": 560.7144068123146}, "comments": {"unit": "comments", "labels": ["0", "1", "2", "3-4", "5-8", "9-16", "17-32", "33-64", "65-128", "129-256", "257-512", "513-1,024", "1,025-2,048", "2,049-4,096", "4,097-8,192"], "values": [0.7376796516780334, 0.07740916271721959, 0.044041151311987055, 0.04115131198705352, 0.03544869571918468, 0.023272839363464724, 0.016568412129618928, 0.01040342156976072, 0.006242052941856433, 0.004007243863907833, 0.0022348090779485993, 0.0008091550109813894, 0.00030824952799291027, 0.00030824952799291027, 0.00011559357299734135], "median": 0.0, "mean": 6.216159981505029}, "subscribers": {"unit": "subscribers", "labels": ["0", "1", "2", "3-4", "5-8", "9-16", "17-32", "33-64", "65-128", "129-256", "257-512", "513-1,024", "1,025-2,048", "2,049-4,096", "4,097-8,192", "8,193-16,384", "16,385-32,768", "32,769-65,536", "65,537-131,072", "131,073-262,144", "262,145-524,288", "524,289-1,048,576", "1,048,577-2,097,152", "2,097,153-4,194,304", "4,194,305-8,388,608", "8,388,609-16,777,216", "16,777,217-33,554,432", "33,554,433-67,108,864", "67,108,865-134,217,728", "134,217,729-268,435,456"], "values": [0.07814125534620275, 0.03741378646013948, 0.028397487766346857, 0.03961006434708897, 0.05093823450082842, 0.06245906060956344, 0.07274688860632682, 0.07344045004431086, 0.07224598312333834, 0.06843139521442608, 0.0777174122452125, 0.07170654644935075, 0.06796902092243672, 0.052132701421800945, 0.03552575810118291, 0.02720302084537433, 0.020652718375524987, 0.01591338188263399, 0.01375563518668362, 0.009632797749778446, 0.008669517974800601, 0.00520171078488036, 0.0037760567179131507, 0.0027742457519361924, 0.0018494971679574616, 0.001078873347975186, 0.00030824952799291027, 0.0002311871459946827, 3.853119099911378e-05, 3.853119099911378e-05], "median": 110.0, "mean": 76619.94397564829}, "whisper_lang": {"unit": "language", "labels": ["english", "hindi", "spanish", "portuguese", "russian", "arabic", "japanese", "indonesian", "bengali", "korean", "nynorsk", "vietnamese", "urdu", "chinese", "french", "tamil", "turkish", "thai", "punjabi", "telugu", "german", "tagalog", "italian", "javanese", "polish", "other"], "values": [0.2817822493711822, 0.10679123248293208, 0.0832195472511678, 0.07545813869924542, 0.05928853754940711, 0.053826805605461735, 0.027883578871721163, 0.02766798418972332, 0.02385914480776141, 0.019044196909809557, 0.01803808839381962, 0.01645706072583543, 0.01588214157384118, 0.015810276679841896, 0.015738411785842617, 0.014444843693855552, 0.014013654329859864, 0.013510600071864894, 0.013151275601868488, 0.012073302191879267, 0.010492274523895078, 0.009342436219906576, 0.008839381961911606, 0.006180380883938196, 0.005102407473948976, 0.05210204814947898]}, "upload_year": {"unit": "year", "labels": [2005, 2006, 2007, 2008, 2009, 2010, 2011, 2012, 2013, 2014, 2015, 2016, 2017, 2018, 2019, 2020, 2021, 2022, 2023, 2024], "values": [3.853119099911378e-05, 0.0004238431009902516, 0.0020421531229530307, 0.003737525526914037, 0.0057411474588679534, 0.006242052941856433, 0.010210765614765152, 0.013408854467691597, 0.015373945208646399, 0.015373945208646399, 0.019304126690556006, 0.026432397025392056, 0.038222941471120875, 0.04635302277193388, 0.054637228836743344, 0.09066389242091473, 0.11162486032443263, 0.14842214772858628, 0.23276692482564637, 0.15897969406234347], "median": 2022.0, "mean": 2020.6759141525065}, "annual_uploads": {"unit": "year", "labels": [2005, 2006, 2007, 2008, 2009, 2010, 2011, 2012, 2013, 2014, 2015, 2016, 2017, 2018, 2019, 2020, 2021, 2022, 2023, 2024], "values": [571443, 6285875, 30286491, 55429993, 85145040, 92573802, 151432455, 198862243, 228005847, 228005847, 286293056, 392010053, 566871681, 687446202, 810306496, 1344605913, 1655471029, 2201199311, 3452088535, 2357774755]}, "cumulative_uploads": {"unit": "year", "labels": [2005, 2006, 2007, 2008, 2009, 2010, 2011, 2012, 2013, 2014, 2015, 2016, 2017, 2018, 2019, 2020, 2021, 2022, 2023, 2024], "values": [571443, 6857318, 37143809, 92573802, 177718842, 270292644, 421725099, 620587342, 848593189, 1076599036, 1362892092, 1754902145, 2321773826, 3009220028, 3819526524, 5164132437, 6819603466, 9020802777, 12472891312, 14830666067]}, "music": {"unit": "accessible in YouTube Music", "labels": [false, true], "values": [0.9173120641159018, 0.08268793588409817]}, "live_status": {"unit": "live status", "labels": ["not_live", "was_live"], "values": [0.9502947636111432, 0.04970523638885678]}, "age_limit": {"unit": "age limit", "labels": [0, 18], "values": [0.9955303818441028, 0.004469618155897199]}, "availability": {"unit": "availability", "labels": ["public", "needs_auth"], "values": [0.9955303818441028, 0.004469618155897199]}, "category": {"unit": "category", "labels": ["People & Blogs", "Gaming", "Entertainment", "Music", "Education", "News & Politics", "Sports", "Film & Animation", "Comedy", "Howto & Style", "Travel & Events", "Autos & Vehicles", "Science & Technology", "Nonprofits & Activism", "Pets & Animals"],